"Origin Movement ID","Origin Display Name","Destination Movement ID","Destination Display Name","Date Range","Mean Travel Time (Seconds)","Range - Lower Bound Travel Time (Seconds)","Range - Upper Bound Travel Time (Seconds)"
"1116","Harborwalk, Waterfront, Boston","3","0 Flaherty Way, D Street / West Broadway, Boston","5/24/2016 - 5/24/2016, Every day, Daily Average",620,391,982
"1116","Harborwalk, Waterfront, Boston","5","0 Queensberry Street, Fenway/Kenmore, Boston","5/24/2016 - 5/24/2016, Every day, Daily Average",749,477,1175
"1116","Harborwalk, Waterfront, Boston","13","200 Liberty Street, Braintree","5/24/2016 - 5/24/2016, Every day, Daily Average",1548,1136,2107
"1116","Harborwalk, Waterfront, Boston","16","100 Kenrick Street, Oak Square, Boston","5/24/2016 - 5/24/2016, Every day, Daily Average",1673,1323,2115
"1116","Harborwalk, Waterfront, Boston","17","0 Maggi Road, Revere","5/24/2016 - 5/24/2016, Every day, Daily Average",774,577,1037
"1116","Harborwalk, Waterfront, Boston","18","0 Lake Street, Billerica","5/24/2016 - 5/24/2016, Every day, Daily Average",1875,1363,2579
"1116","Harborwalk, Waterfront, Boston","19","200 Ocean Street, Lynn","5/24/2016 - 5/24/2016, Every day, Daily Average",1503,1181,1911
"1116","Harborwalk, Waterfront, Boston","21","0 Canal Lane, Somerville","5/24/2016 - 5/24/2016, Every day, Daily Average",546,313,951
"1116","Harborwalk, Waterfront, Boston","27","100 Inner Belt Road, Inner Belt, Somerville","5/24/2016 - 5/24/2016, Every day, Daily Average",400,187,851
"1116","Harborwalk, Waterfront, Boston","28","0 Lincoln Road, Brookline","5/24/2016 - 5/24/2016, Every day, Daily Average",1264,855,1868
"1116","Harborwalk, Waterfront, Boston","29","100 Crosby Street, Arlington","5/24/2016 - 5/24/2016, Every day, Daily Average",1036,825,1300
"1116","Harborwalk, Waterfront, Boston","32","0 Gainsborough Street, Fenway/Kenmore, Boston","5/24/2016 - 5/24/2016, Every day, Daily Average",889,568,1389
"1116","Harborwalk, Waterfront, Boston","33","200 Prospect Avenue, Revere","5/24/2016 - 5/24/2016, Every day, Daily Average",761,469,1233
"1116","Harborwalk, Waterfront, Boston","37","0 Perrin Street, Roxbury, Boston","5/24/2016 - 5/24/2016, Every day, Daily Average",1016,675,1527
"1116","Harborwalk, Waterfront, Boston","38","McLean Street, Belmont","5/24/2016 - 5/24/2016, Every day, Daily Average",2132,1672,2717
"1116","Harborwalk, Waterfront, Boston","40","0 Aycliffe Road, Swampscott","5/24/2016 - 5/24/2016, Every day, Daily Average",1765,1380,2255
"1116","Harborwalk, Waterfront, Boston","41","200 Sumner Street, East Boston, Boston","5/24/2016 - 5/24/2016, Every day, Daily Average",372,215,642
"1116","Harborwalk, Waterfront, Boston","45","0 Lyon Street, Back Central, Lowell","5/24/2016 - 5/24/2016, Every day, Daily Average",2516,1860,3402
"1116","Harborwalk, Waterfront, Boston","46","300 River Street, Cambridgeport, Cambridge","5/24/2016 - 5/24/2016, Every day, Daily Average",1068,710,1606
"1116","Harborwalk, Waterfront, Boston","47","200 Huntington Avenue, Prudential / St. Botolph, Boston","5/24/2016 - 5/24/2016, Every day, Daily Average",920,622,1359
"1116","Harborwalk, Waterfront, Boston","48","100 Gove Street, East Boston, Boston","5/24/2016 - 5/24/2016, Every day, Daily Average",330,207,525
"1116","Harborwalk, Waterfront, Boston","51","0 Peterborough Street, West Fens, Boston","5/24/2016 - 5/24/2016, Every day, Daily Average",849,503,1432
"1116","Harborwalk, Waterfront, Boston","52","0 Berkshire Street, Wellington-Harrington, Cambridge","5/24/2016 - 5/24/2016, Every day, Daily Average",818,555,1205
"1116","Harborwalk, Waterfront, Boston","53","600 Commonwealth Avenue, Fenway/Kenmore, Boston","5/24/2016 - 5/24/2016, Every day, Daily Average",779,486,1247
"1116","Harborwalk, Waterfront, Boston","54","0 Binney Street, Arefth, Cambridge","5/24/2016 - 5/24/2016, Every day, Daily Average",686,448,1050
"1116","Harborwalk, Waterfront, Boston","58","100 Summit Avenue, Corey Hill, Brookline","5/24/2016 - 5/24/2016, Every day, Daily Average",1163,803,1683
"1116","Harborwalk, Waterfront, Boston","60","Pilgrims Highway, Weymouth","5/24/2016 - 5/24/2016, Every day, Daily Average",1666,1204,2304
"1116","Harborwalk, Waterfront, Boston","68","100 Beacon Street, Back Bay East, Boston","5/24/2016 - 5/24/2016, Every day, Daily Average",519,303,888
"1116","Harborwalk, Waterfront, Boston","69","0 Burrill Avenue, Lynn","5/24/2016 - 5/24/2016, Every day, Daily Average",1627,1254,2110
"1116","Harborwalk, Waterfront, Boston","77","0 The Mountain Road, Framingham","5/24/2016 - 5/24/2016, Every day, Daily Average",2495,1885,3302
"1116","Harborwalk, Waterfront, Boston","79","Massachusetts State House, Beacon Hill, Boston","5/24/2016 - 5/24/2016, Every day, Daily Average",232,86,623
"1116","Harborwalk, Waterfront, Boston","80","0 Bussell Road, West Medford, Medford","5/24/2016 - 5/24/2016, Every day, Daily Average",811,563,1167
"1116","Harborwalk, Waterfront, Boston","82","100 Private Alley 527, South End, Boston","5/24/2016 - 5/24/2016, Every day, Daily Average",777,544,1108
"1116","Harborwalk, Waterfront, Boston","83","0 Golden Drive, Winthrop","5/24/2016 - 5/24/2016, Every day, Daily Average",766,597,982
"1116","Harborwalk, Waterfront, Boston","89","0 Cottage Street, Lynn","5/24/2016 - 5/24/2016, Every day, Daily Average",1372,1056,1782
"1116","Harborwalk, Waterfront, Boston","92","Southeast Expressway, Quincy","5/24/2016 - 5/24/2016, Every day, Daily Average",1247,851,1826
"1116","Harborwalk, Waterfront, Boston","94","300 Marlborough Street, Back Bay, Boston","5/24/2016 - 5/24/2016, Every day, Daily Average",721,479,1085
"1116","Harborwalk, Waterfront, Boston","95","0 G Street, South Boston, Boston","5/24/2016 - 5/24/2016, Every day, Daily Average",806,574,1129
"1116","Harborwalk, Waterfront, Boston","97","300 Bishops Forest Drive, Waltham","5/24/2016 - 5/24/2016, Every day, Daily Average",2000,1603,2494
"1116","Harborwalk, Waterfront, Boston","98","100 Suffolk Road, Chestnut Hill, Newton","5/24/2016 - 5/24/2016, Every day, Daily Average",1598,1214,2102
"1116","Harborwalk, Waterfront, Boston","105","100 Columbia Street, The Port, Cambridge","5/24/2016 - 5/24/2016, Every day, Daily Average",908,626,1315
"1116","Harborwalk, Waterfront, Boston","116","200 Eastern Avenue, Lynn","5/24/2016 - 5/24/2016, Every day, Daily Average",1781,1401,2263
"1116","Harborwalk, Waterfront, Boston","120","0 Cherrywood Circle, Andover","5/24/2016 - 5/24/2016, Every day, Daily Average",1863,1486,2334
"1116","Harborwalk, Waterfront, Boston","127","200 Vinton Street, Melrose","5/24/2016 - 5/24/2016, Every day, Daily Average",1341,1042,1725
"1116","Harborwalk, Waterfront, Boston","128","100 Glen Street, Malden","5/24/2016 - 5/24/2016, Every day, Daily Average",981,699,1375
"1116","Harborwalk, Waterfront, Boston","129","0 Glendale Street, Everett","5/24/2016 - 5/24/2016, Every day, Daily Average",1165,951,1425
"1116","Harborwalk, Waterfront, Boston","130","0 Cambria Street, Spring Hill, Somerville","5/24/2016 - 5/24/2016, Every day, Daily Average",977,673,1417
"1116","Harborwalk, Waterfront, Boston","131","2000 Massachusetts Avenue, North Cambridge, Cambridge","5/24/2016 - 5/24/2016, Every day, Daily Average",1314,980,1760
"1116","Harborwalk, Waterfront, Boston","132","0 Townsend Road, Belmont","5/24/2016 - 5/24/2016, Every day, Daily Average",1572,1184,2085
"1116","Harborwalk, Waterfront, Boston","134","Yankee Division Highway, Waltham","5/24/2016 - 5/24/2016, Every day, Daily Average",2228,1544,3214
"1116","Harborwalk, Waterfront, Boston","135","100 Orchard Street, Watertown","5/24/2016 - 5/24/2016, Every day, Daily Average",1616,1351,1932
"1116","Harborwalk, Waterfront, Boston","136","200 Adams Avenue, West Newton, Newton","5/24/2016 - 5/24/2016, Every day, Daily Average",1424,982,2064
"1116","Harborwalk, Waterfront, Boston","137","0 Badger Road, Framingham","5/24/2016 - 5/24/2016, Every day, Daily Average",2567,1934,3406
"1116","Harborwalk, Waterfront, Boston","140","100 Montclair Avenue, Quincy","5/24/2016 - 5/24/2016, Every day, Daily Average",1001,654,1530
"1116","Harborwalk, Waterfront, Boston","141","0 Brooks Avenue, Quincy","5/24/2016 - 5/24/2016, Every day, Daily Average",1500,1049,2143
"1116","Harborwalk, Waterfront, Boston","150","Monastery Path, Brighton, Boston","5/24/2016 - 5/24/2016, Every day, Daily Average",1243,918,1682
"1116","Harborwalk, Waterfront, Boston","151","300 Commercial Street, North End, Boston","5/24/2016 - 5/24/2016, Every day, Daily Average",178,68,460
"1116","Harborwalk, Waterfront, Boston","152","400 Border Street, East Boston, Boston","5/24/2016 - 5/24/2016, Every day, Daily Average",480,323,712
"1116","Harborwalk, Waterfront, Boston","153","200 Marginal Street, Jeffries Point, Boston","5/24/2016 - 5/24/2016, Every day, Daily Average",427,259,703
"1116","Harborwalk, Waterfront, Boston","154","700 Washington Street, Downtown, Boston","5/24/2016 - 5/24/2016, Every day, Daily Average",462,273,780
"1116","Harborwalk, Waterfront, Boston","155","100 West Springfield Street, South End, Boston","5/24/2016 - 5/24/2016, Every day, Daily Average",829,554,1238
"1116","Harborwalk, Waterfront, Boston","156","0 Academy Road, Roxbury, Boston","5/24/2016 - 5/24/2016, Every day, Daily Average",1237,834,1832
"1116","Harborwalk, Waterfront, Boston","157","100 Train Street, Dorchester, Boston","5/24/2016 - 5/24/2016, Every day, Daily Average",1300,818,2064
"1116","Harborwalk, Waterfront, Boston","159","0 Congress Avenue, Chelsea","5/24/2016 - 5/24/2016, Every day, Daily Average",662,417,1050
"1116","Harborwalk, Waterfront, Boston","160","0 Franklin Place, Revere","5/24/2016 - 5/24/2016, Every day, Daily Average",671,475,946
"1116","Harborwalk, Waterfront, Boston","167","0 Miner Street, Fenway/Kenmore, Boston","5/24/2016 - 5/24/2016, Every day, Daily Average",905,570,1436
"1116","Harborwalk, Waterfront, Boston","182","0 The Greenway, Swampscott","5/24/2016 - 5/24/2016, Every day, Daily Average",1548,1271,1884
"1116","Harborwalk, Waterfront, Boston","184","0 South Street, Lynn","5/24/2016 - 5/24/2016, Every day, Daily Average",1337,1105,1617
"1116","Harborwalk, Waterfront, Boston","195","100 Chelmsford Street, Highlands, Lowell","5/24/2016 - 5/24/2016, Every day, Daily Average",2492,1855,3347
"1116","Harborwalk, Waterfront, Boston","200","100 Orange Street, Reading","5/24/2016 - 5/24/2016, Every day, Daily Average",1276,817,1990
"1116","Harborwalk, Waterfront, Boston","201","0 Cleveland Street, Melrose","5/24/2016 - 5/24/2016, Every day, Daily Average",1356,1065,1726
"1116","Harborwalk, Waterfront, Boston","202","0 Girard Road, Winchester","5/24/2016 - 5/24/2016, Every day, Daily Average",1429,999,2043
"1116","Harborwalk, Waterfront, Boston","203","0 Hall Street, Medford","5/24/2016 - 5/24/2016, Every day, Daily Average",559,336,929
"1116","Harborwalk, Waterfront, Boston","204","0 Mohan Street, Everett","5/24/2016 - 5/24/2016, Every day, Daily Average",1277,929,1753
"1116","Harborwalk, Waterfront, Boston","205","0 Cutler Street, Magoun Square, Somerville","5/24/2016 - 5/24/2016, Every day, Daily Average",873,630,1208
"1116","Harborwalk, Waterfront, Boston","206","0 Claremon Street, Teele Square, Somerville","5/24/2016 - 5/24/2016, Every day, Daily Average",1370,1034,1813
"1116","Harborwalk, Waterfront, Boston","207","0 Museum Way, East Cambridge, Cambridge","5/24/2016 - 5/24/2016, Every day, Daily Average",473,234,952
"1116","Harborwalk, Waterfront, Boston","208","0 Jefferson Street, Wellington-Harrington, Cambridge","5/24/2016 - 5/24/2016, Every day, Daily Average",833,574,1207
"1116","Harborwalk, Waterfront, Boston","209","100 Magazine Street, Cambridgeport, Cambridge","5/24/2016 - 5/24/2016, Every day, Daily Average",1028,657,1606
"1116","Harborwalk, Waterfront, Boston","210","0 Cowperthwaite Garage, Cowperthwaite Street, Riverside, Cambridge","5/24/2016 - 5/24/2016, Every day, Daily Average",1029,683,1548
"1116","Harborwalk, Waterfront, Boston","211","0 Haskell Street, North Cambridge, Cambridge","5/24/2016 - 5/24/2016, Every day, Daily Average",1378,1103,1720
"1116","Harborwalk, Waterfront, Boston","212","100 Claremont Avenue, Arlington","5/24/2016 - 5/24/2016, Every day, Daily Average",1388,1062,1813
"1116","Harborwalk, Waterfront, Boston","213","0 Gorham Road, Belmont","5/24/2016 - 5/24/2016, Every day, Daily Average",1724,1374,2162
"1116","Harborwalk, Waterfront, Boston","217","0 Hartford Street, Natick","5/24/2016 - 5/24/2016, Every day, Daily Average",2128,1649,2745
"1116","Harborwalk, Waterfront, Boston","220","100 Coolidge Street, North Brookline, Brookline","5/24/2016 - 5/24/2016, Every day, Daily Average",1272,940,1720
"1116","Harborwalk, Waterfront, Boston","221","0 Colbourne Crescent, Aspinwall Hill, Brookline","5/24/2016 - 5/24/2016, Every day, Daily Average",1245,863,1795
"1116","Harborwalk, Waterfront, Boston","222","0 Walnut Place, High Street Hill, Brookline","5/24/2016 - 5/24/2016, Every day, Daily Average",1314,921,1874
"1116","Harborwalk, Waterfront, Boston","223","0 Berkshire Road, Babson Park, Wellesley","5/24/2016 - 5/24/2016, Every day, Daily Average",1827,1441,2316
"1116","Harborwalk, Waterfront, Boston","227","1100 Commonwealth Avenue, Allston, Boston","5/24/2016 - 5/24/2016, Every day, Daily Average",1117,784,1590
"1116","Harborwalk, Waterfront, Boston","241","100 Colborne Road, Brighton, Boston","5/24/2016 - 5/24/2016, Every day, Daily Average",1436,1118,1844
"1116","Harborwalk, Waterfront, Boston","242","0 Park Street, Charlestown, Boston","5/24/2016 - 5/24/2016, Every day, Daily Average",399,251,631
"1116","Harborwalk, Waterfront, Boston","243","0 San Juan Street, South End, Boston","5/24/2016 - 5/24/2016, Every day, Daily Average",712,460,1100
"1116","Harborwalk, Waterfront, Boston","244","500 Columbus Avenue, South End, Boston","5/24/2016 - 5/24/2016, Every day, Daily Average",906,625,1312
"1116","Harborwalk, Waterfront, Boston","245","100 Saint Alphonsus Street, Mission Hill, Boston","5/24/2016 - 5/24/2016, Every day, Daily Average",1100,794,1522
"1116","Harborwalk, Waterfront, Boston","246","300 Mount Vernon Street, Dorchester, Boston","5/24/2016 - 5/24/2016, Every day, Daily Average",859,544,1354
"1116","Harborwalk, Waterfront, Boston","247","0 Bowdoin Avenue, Dorchester, Boston","5/24/2016 - 5/24/2016, Every day, Daily Average",1793,1215,2644
"1116","Harborwalk, Waterfront, Boston","250","0 Gretter Road, West Roxbury, Boston","5/24/2016 - 5/24/2016, Every day, Daily Average",1657,1222,2245
"1116","Harborwalk, Waterfront, Boston","251","0 Grotto Glen Road, Jamaica Plain, Boston","5/24/2016 - 5/24/2016, Every day, Daily Average",1092,791,1506
"1116","Harborwalk, Waterfront, Boston","253","0 Kimball Road, Chelsea","5/24/2016 - 5/24/2016, Every day, Daily Average",701,424,1156
"1116","Harborwalk, Waterfront, Boston","254","1200 North Shore Road, Revere","5/24/2016 - 5/24/2016, Every day, Daily Average",895,668,1197
"1116","Harborwalk, Waterfront, Boston","255","Rosedale Avenue, Forest Hills / Woodbourne, Boston","5/24/2016 - 5/24/2016, Every day, Daily Average",1591,1014,2494
"1116","Harborwalk, Waterfront, Boston","261","0 6th Street, Arefth, Cambridge","5/24/2016 - 5/24/2016, Every day, Daily Average",712,454,1115
"1116","Harborwalk, Waterfront, Boston","276","0 Howard Street, Malden","5/24/2016 - 5/24/2016, Every day, Daily Average",956,675,1353
"1116","Harborwalk, Waterfront, Boston","277","0 Edwin H Land Boulevard, East Cambridge, Cambridge","5/24/2016 - 5/24/2016, Every day, Daily Average",598,343,1041
"1116","Harborwalk, Waterfront, Boston","279","200 Seminole Avenue, Lakeview, Waltham","5/24/2016 - 5/24/2016, Every day, Daily Average",2039,1442,2881
"1116","Harborwalk, Waterfront, Boston","280","0 Linder Terrace, Hunnewell Hill, Newton","5/24/2016 - 5/24/2016, Every day, Daily Average",1138,788,1642
"1116","Harborwalk, Waterfront, Boston","281","0 Meadowbrook Road, Quincy","5/24/2016 - 5/24/2016, Every day, Daily Average",1268,907,1771
"1116","Harborwalk, Waterfront, Boston","285","100 Foster Street, Brighton, Boston","5/24/2016 - 5/24/2016, Every day, Daily Average",1519,1197,1926
"1116","Harborwalk, Waterfront, Boston","286","0 Border Street, East Boston, Boston","5/24/2016 - 5/24/2016, Every day, Daily Average",175,81,377
"1116","Harborwalk, Waterfront, Boston","287","0 Murray Way, South Boston, Boston","5/24/2016 - 5/24/2016, Every day, Daily Average",899,578,1397
"1116","Harborwalk, Waterfront, Boston","288","0 Wakullah Street, Roxbury, Boston","5/24/2016 - 5/24/2016, Every day, Daily Average",955,615,1480
"1116","Harborwalk, Waterfront, Boston","289","500 Baker Street, West Roxbury, Boston","5/24/2016 - 5/24/2016, Every day, Daily Average",1577,1171,2123
"1116","Harborwalk, Waterfront, Boston","290","100 Tremont Street, Boston","5/24/2016 - 5/24/2016, Every day, Daily Average",359,187,686
"1116","Harborwalk, Waterfront, Boston","294","0 Chelsea Street, East Boston, Boston","5/24/2016 - 5/24/2016, Every day, Daily Average",181,100,326
"1116","Harborwalk, Waterfront, Boston","296","0 Cleverly Court, Quincy","5/24/2016 - 5/24/2016, Every day, Daily Average",1546,1305,1830
"1116","Harborwalk, Waterfront, Boston","297","100 Arlington Street, Bay Village, Boston","5/24/2016 - 5/24/2016, Every day, Daily Average",615,383,987
"1116","Harborwalk, Waterfront, Boston","299","0 Round Hill Street, Jamaica Plain, Boston","5/24/2016 - 5/24/2016, Every day, Daily Average",1329,911,1937
"1116","Harborwalk, Waterfront, Boston","302","0 Leon Street, Fenway/Kenmore, Boston","5/24/2016 - 5/24/2016, Every day, Daily Average",887,532,1477
"1116","Harborwalk, Waterfront, Boston","310","0 Sharon Street, Malden","5/24/2016 - 5/24/2016, Every day, Daily Average",1275,894,1817
"1116","Harborwalk, Waterfront, Boston","311","800 Monument Street, Concord","5/24/2016 - 5/24/2016, Every day, Daily Average",2240,1705,2941
"1116","Harborwalk, Waterfront, Boston","316","Edgeworth, Charlestown, Boston","5/24/2016 - 5/24/2016, Every day, Daily Average",458,261,803
"1116","Harborwalk, Waterfront, Boston","317","100 Bowen Street, D Street / West Broadway, Boston","5/24/2016 - 5/24/2016, Every day, Daily Average",774,507,1180
"1116","Harborwalk, Waterfront, Boston","320","0 Pleasant Street, North Brookline, Brookline","5/24/2016 - 5/24/2016, Every day, Daily Average",1058,715,1564
"1116","Harborwalk, Waterfront, Boston","328","0 Clinton Street, Everett","5/24/2016 - 5/24/2016, Every day, Daily Average",1077,799,1451
"1116","Harborwalk, Waterfront, Boston","329","0 Tyler Street, Ward Two, Somerville","5/24/2016 - 5/24/2016, Every day, Daily Average",909,636,1298
"1116","Harborwalk, Waterfront, Boston","330","100 Vassal Lane, West Cambridge, Cambridge","5/24/2016 - 5/24/2016, Every day, Daily Average",1295,884,1897
"1116","Harborwalk, Waterfront, Boston","331","0 Seaport Drive, Marina Bay, Quincy","5/24/2016 - 5/24/2016, Every day, Daily Average",1095,703,1703
"1116","Harborwalk, Waterfront, Boston","333","0 Huntington Avenue, Prudential / St. Botolph, Boston","5/24/2016 - 5/24/2016, Every day, Daily Average",775,503,1192
"1116","Harborwalk, Waterfront, Boston","334","0 Westbourne Street, Roslindale, Boston","5/24/2016 - 5/24/2016, Every day, Daily Average",1940,1540,2443
"1116","Harborwalk, Waterfront, Boston","335","100 Everett Avenue, Chelsea","5/24/2016 - 5/24/2016, Every day, Daily Average",611,369,1011
"1116","Harborwalk, Waterfront, Boston","340","0 Bent Avenue, Cochituate, Wayland","5/24/2016 - 5/24/2016, Every day, Daily Average",1940,1428,2634
"1116","Harborwalk, Waterfront, Boston","341","0 Fountain Avenue, East Somerville, Somerville","5/24/2016 - 5/24/2016, Every day, Daily Average",642,412,998
"1116","Harborwalk, Waterfront, Boston","360","0 Landsdowne Street, MIT, Cambridge","5/24/2016 - 5/24/2016, Every day, Daily Average",838,548,1280
"1116","Harborwalk, Waterfront, Boston","361","0 Hayes Street, Riverside, Cambridge","5/24/2016 - 5/24/2016, Every day, Daily Average",1145,804,1629
"1116","Harborwalk, Waterfront, Boston","362","0 Roberts Road, Mid-Cambridge, Cambridge","5/24/2016 - 5/24/2016, Every day, Daily Average",1119,800,1563
"1116","Harborwalk, Waterfront, Boston","363","0 Channing Street, West Cambridge, Cambridge","5/24/2016 - 5/24/2016, Every day, Daily Average",1074,716,1610
"1116","Harborwalk, Waterfront, Boston","364","0 Richard Avenue, North Cambridge, Cambridge","5/24/2016 - 5/24/2016, Every day, Daily Average",1213,881,1669
"1116","Harborwalk, Waterfront, Boston","365","100 Palmer Street, Arlington","5/24/2016 - 5/24/2016, Every day, Daily Average",1024,738,1419
"1116","Harborwalk, Waterfront, Boston","366","0 Eastern Avenue, Arlington","5/24/2016 - 5/24/2016, Every day, Daily Average",1375,1043,1811
"1116","Harborwalk, Waterfront, Boston","367","0 Pleasant Street, Lexington","5/24/2016 - 5/24/2016, Every day, Daily Average",1643,1164,2317
"1116","Harborwalk, Waterfront, Boston","368","0 Hayden Avenue, Lexington","5/24/2016 - 5/24/2016, Every day, Daily Average",1603,1083,2372
"1116","Harborwalk, Waterfront, Boston","369","200 Waltham Street, Lexington","5/24/2016 - 5/24/2016, Every day, Daily Average",1941,1409,2672
"1116","Harborwalk, Waterfront, Boston","370","100 Old Billerica Road, Bedford","5/24/2016 - 5/24/2016, Every day, Daily Average",1685,1222,2322
"1116","Harborwalk, Waterfront, Boston","374","0 Connector Road, Westborough","5/24/2016 - 5/24/2016, Every day, Daily Average",3059,2571,3638
"1116","Harborwalk, Waterfront, Boston","385","0 Sandy Pond Road, Lincoln","5/24/2016 - 5/24/2016, Every day, Daily Average",2078,1525,2831
"1116","Harborwalk, Waterfront, Boston","386","800 Sudbury Road, Concord","5/24/2016 - 5/24/2016, Every day, Daily Average",2142,1771,2590
"1116","Harborwalk, Waterfront, Boston","391","0 Colonial Way, Weston","5/24/2016 - 5/24/2016, Every day, Daily Average",1563,1117,2186
"1116","Harborwalk, Waterfront, Boston","400","400 Slosberg Music Center, South Street, Brandeis, Waltham","5/24/2016 - 5/24/2016, Every day, Daily Average",1860,1378,2509
"1116","Harborwalk, Waterfront, Boston","402","100 Edward Road, Watertown","5/24/2016 - 5/24/2016, Every day, Daily Average",1666,1098,2527
"1116","Harborwalk, Waterfront, Boston","403","0 Rossmere Street, Newtonville, Newton","5/24/2016 - 5/24/2016, Every day, Daily Average",1294,865,1935
"1116","Harborwalk, Waterfront, Boston","404","200 Herrick Road, Newton Centre, Newton","5/24/2016 - 5/24/2016, Every day, Daily Average",1828,1373,2433
"1116","Harborwalk, Waterfront, Boston","405","Upper Falls Greenway, Newton Highlands, Newton","5/24/2016 - 5/24/2016, Every day, Daily Average",1794,1434,2244
"1116","Harborwalk, Waterfront, Boston","406","100 Oak Street, Natick","5/24/2016 - 5/24/2016, Every day, Daily Average",1935,1423,2630
"1116","Harborwalk, Waterfront, Boston","409","0 Chouteau Avenue, Framingham","5/24/2016 - 5/24/2016, Every day, Daily Average",2062,1541,2758
"1116","Harborwalk, Waterfront, Boston","413","200 Marion Street, Central-Maverick Square / Paris Street, Boston","5/24/2016 - 5/24/2016, Every day, Daily Average",310,152,628
"1116","Harborwalk, Waterfront, Boston","424","200 Warren Street, Brookline","5/24/2016 - 5/24/2016, Every day, Daily Average",1447,1034,2024
"1116","Harborwalk, Waterfront, Boston","425","200 Bolton Street, D Street / West Broadway, Boston","5/24/2016 - 5/24/2016, Every day, Daily Average",715,492,1037
"1116","Harborwalk, Waterfront, Boston","430","300 Central Street, Saugus","5/24/2016 - 5/24/2016, Every day, Daily Average",1173,771,1783
"1116","Harborwalk, Waterfront, Boston","431","0 East Huckleberry Road, Lynnfield","5/24/2016 - 5/24/2016, Every day, Daily Average",1372,1036,1816
"1116","Harborwalk, Waterfront, Boston","432","0 Irving Street, Peabody","5/24/2016 - 5/24/2016, Every day, Daily Average",1591,1254,2017
"1116","Harborwalk, Waterfront, Boston","435","300 Harrison Avenue, South End, Boston","5/24/2016 - 5/24/2016, Every day, Daily Average",489,250,954
"1116","Harborwalk, Waterfront, Boston","441","0 Currier Farm Road, Westwood","5/24/2016 - 5/24/2016, Every day, Daily Average",2477,1477,4152
"1116","Harborwalk, Waterfront, Boston","445","1400 Canton Avenue, Milton","5/24/2016 - 5/24/2016, Every day, Daily Average",1676,1115,2518
"1116","Harborwalk, Waterfront, Boston","446","0 Colby Road, North Quincy, Quincy","5/24/2016 - 5/24/2016, Every day, Daily Average",1066,857,1325
"1116","Harborwalk, Waterfront, Boston","447","0 Murphy Memorial Drive, Quincy","5/24/2016 - 5/24/2016, Every day, Daily Average",1452,1118,1884
"1116","Harborwalk, Waterfront, Boston","448","200 Ricciuti Drive, Quincy","5/24/2016 - 5/24/2016, Every day, Daily Average",1232,807,1879
"1116","Harborwalk, Waterfront, Boston","459","0 Farm Road, Braintree","5/24/2016 - 5/24/2016, Every day, Daily Average",1413,989,2017
"1116","Harborwalk, Waterfront, Boston","461","200 King Hill Road, Braintree","5/24/2016 - 5/24/2016, Every day, Daily Average",1363,1020,1820
"1116","Harborwalk, Waterfront, Boston","462","Fall River Expressway, Randolph","5/24/2016 - 5/24/2016, Every day, Daily Average",1571,1079,2285
"1116","Harborwalk, Waterfront, Boston","487","500 Main Street, Medford Street / The Neck, Boston","5/24/2016 - 5/24/2016, Every day, Daily Average",393,198,779
"1116","Harborwalk, Waterfront, Boston","491","0 Haverford Street, Jamaica Plain, Boston","5/24/2016 - 5/24/2016, Every day, Daily Average",1353,958,1909
"1116","Harborwalk, Waterfront, Boston","492","0 Princeton Street, East Boston, Boston","5/24/2016 - 5/24/2016, Every day, Daily Average",362,212,615
"1116","Harborwalk, Waterfront, Boston","493","Allston Street, Brighton, Boston","5/24/2016 - 5/24/2016, Every day, Daily Average",1409,1058,1876
"1116","Harborwalk, Waterfront, Boston","494","0 Glenville Avenue, Allston, Boston","5/24/2016 - 5/24/2016, Every day, Daily Average",1114,824,1505
"1116","Harborwalk, Waterfront, Boston","495","300 Brookline Avenue, Medical Center Area, Boston","5/24/2016 - 5/24/2016, Every day, Daily Average",1017,684,1511
"1116","Harborwalk, Waterfront, Boston","496","0 Newbury Street, Back Bay East, Boston","5/24/2016 - 5/24/2016, Every day, Daily Average",622,385,1002
"1116","Harborwalk, Waterfront, Boston","497","0 Blossom Street, West End, Boston","5/24/2016 - 5/24/2016, Every day, Daily Average",305,133,695
"1116","Harborwalk, Waterfront, Boston","498","0 Causeway Street, West End, Boston","5/24/2016 - 5/24/2016, Every day, Daily Average",204,80,517
"1116","Harborwalk, Waterfront, Boston","499","0 Elm Street, Charlestown, Boston","5/24/2016 - 5/24/2016, Every day, Daily Average",545,372,798
"1116","Harborwalk, Waterfront, Boston","500","Tobin Memorial Bridge, Charlestown, Boston","5/24/2016 - 5/24/2016, Every day, Daily Average",493,291,832
"1116","Harborwalk, Waterfront, Boston","501","0 P Street, South Boston, Boston","5/24/2016 - 5/24/2016, Every day, Daily Average",775,551,1088
"1116","Harborwalk, Waterfront, Boston","502","600 East Fifth Street, South Boston, Boston","5/24/2016 - 5/24/2016, Every day, Daily Average",737,524,1034
"1116","Harborwalk, Waterfront, Boston","503","0 Eustis Street, Roxbury, Boston","5/24/2016 - 5/24/2016, Every day, Daily Average",779,475,1276
"1116","Harborwalk, Waterfront, Boston","504","0 Francis Street, Fenway/Kenmore, Boston","5/24/2016 - 5/24/2016, Every day, Daily Average",1127,773,1642
"1116","Harborwalk, Waterfront, Boston","505","100 Harold Street, Roxbury, Boston","5/24/2016 - 5/24/2016, Every day, Daily Average",962,644,1435
"1116","Harborwalk, Waterfront, Boston","506","0 Schuyler Street, Dorchester, Boston","5/24/2016 - 5/24/2016, Every day, Daily Average",1426,886,2294
"1116","Harborwalk, Waterfront, Boston","507","0 Burrell Street, Roxbury, Boston","5/24/2016 - 5/24/2016, Every day, Daily Average",1039,709,1520
"1116","Harborwalk, Waterfront, Boston","508","0 Stoughton Street, Dorchester, Boston","5/24/2016 - 5/24/2016, Every day, Daily Average",1034,571,1869
"1116","Harborwalk, Waterfront, Boston","509","0 Homes Avenue, Dorchester, Boston","5/24/2016 - 5/24/2016, Every day, Daily Average",1178,760,1824
"1116","Harborwalk, Waterfront, Boston","510","0 Dakota Street, Dorchester, Dorchester Center, Boston","5/24/2016 - 5/24/2016, Every day, Daily Average",1313,806,2138
"1116","Harborwalk, Waterfront, Boston","512","1000 Adams Street, Dorchester, Dorchester Center, Boston","5/24/2016 - 5/24/2016, Every day, Daily Average",1119,683,1833
"1116","Harborwalk, Waterfront, Boston","517","0 D Street, Highlands, Lowell","5/24/2016 - 5/24/2016, Every day, Daily Average",2441,1801,3307
"1116","Harborwalk, Waterfront, Boston","522","100 Durnell Avenue, Roslindale, Boston","5/24/2016 - 5/24/2016, Every day, Daily Average",1746,1535,1984
"1116","Harborwalk, Waterfront, Boston","523","0 Woodland Road, Jamaica Plain, Boston","5/24/2016 - 5/24/2016, Every day, Daily Average",1373,1014,1858
"1116","Harborwalk, Waterfront, Boston","526","0 Orange Street, Chelsea","5/24/2016 - 5/24/2016, Every day, Daily Average",685,416,1126
"1116","Harborwalk, Waterfront, Boston","527","200 Beach Street, Revere","5/24/2016 - 5/24/2016, Every day, Daily Average",749,505,1110
"1116","Harborwalk, Waterfront, Boston","528","0 Short Street, Winthrop","5/24/2016 - 5/24/2016, Every day, Daily Average",688,539,877
"1116","Harborwalk, Waterfront, Boston","529","0 Circuit Drive, Roxbury, Boston","5/24/2016 - 5/24/2016, Every day, Daily Average",1426,929,2186
"1116","Harborwalk, Waterfront, Boston","530","0 Dry Dock Avenue, Seaport District, Boston","5/24/2016 - 5/24/2016, Every day, Daily Average",673,453,998
"1116","Harborwalk, Waterfront, Boston","536","0 Marriott Place, Billerica","5/24/2016 - 5/24/2016, Every day, Daily Average",1969,1447,2678
"1116","Harborwalk, Waterfront, Boston","537","0 Talbot Avenue, North Billerica, Billerica","5/24/2016 - 5/24/2016, Every day, Daily Average",1956,1469,2603
"1116","Harborwalk, Waterfront, Boston","540","Charles River Esplanade, Boston","5/24/2016 - 5/24/2016, Every day, Daily Average",497,227,1084
"1116","Harborwalk, Waterfront, Boston","544","0 Fid Kennedy Avenue, Seaport District, Boston","5/24/2016 - 5/24/2016, Every day, Daily Average",206,79,534
"1116","Harborwalk, Waterfront, Boston","549","0 Boston Street, Prospect Hill, Somerville","5/24/2016 - 5/24/2016, Every day, Daily Average",779,523,1158
"1116","Harborwalk, Waterfront, Boston","561","100 Wildwood Street, Wilmington","5/24/2016 - 5/24/2016, Every day, Daily Average",1218,900,1647
"1116","Harborwalk, Waterfront, Boston","581","0 Carter Road, Woburn","5/24/2016 - 5/24/2016, Every day, Daily Average",972,647,1459
"1116","Harborwalk, Waterfront, Boston","586","0 Bates Road, Winchester","5/24/2016 - 5/24/2016, Every day, Daily Average",1010,645,1580
"1116","Harborwalk, Waterfront, Boston","587","100 Rivers Edge Drive, Medford","5/24/2016 - 5/24/2016, Every day, Daily Average",715,439,1164
"1116","Harborwalk, Waterfront, Boston","588","0 Lewis Street, Medford","5/24/2016 - 5/24/2016, Every day, Daily Average",663,405,1084
"1116","Harborwalk, Waterfront, Boston","589","0 Clayton Street, Malden","5/24/2016 - 5/24/2016, Every day, Daily Average",1296,901,1863
"1116","Harborwalk, Waterfront, Boston","590","100 Kennedy Drive, Malden","5/24/2016 - 5/24/2016, Every day, Daily Average",1102,721,1682
"1116","Harborwalk, Waterfront, Boston","605","800 Washington Street, Lynn","5/24/2016 - 5/24/2016, Every day, Daily Average",1431,1107,1848
"1116","Harborwalk, Waterfront, Boston","617","700 Lynnway, Lynn","5/24/2016 - 5/24/2016, Every day, Daily Average",1246,954,1626
"1116","Harborwalk, Waterfront, Boston","631","0 Central Street, Saugus","5/24/2016 - 5/24/2016, Every day, Daily Average",1409,947,2094
"1116","Harborwalk, Waterfront, Boston","632","0 Lindsay Terrace, Saugus","5/24/2016 - 5/24/2016, Every day, Daily Average",1418,882,2278
"1116","Harborwalk, Waterfront, Boston","633","0 Russet Lane, Lynnfield","5/24/2016 - 5/24/2016, Every day, Daily Average",1170,858,1594
"1116","Harborwalk, Waterfront, Boston","634","Independence Greenway, Peabody","5/24/2016 - 5/24/2016, Every day, Daily Average",1573,1181,2094
"1116","Harborwalk, Waterfront, Boston","636","0 Spring Road, Nahant","5/24/2016 - 5/24/2016, Every day, Daily Average",1464,1142,1876
"1116","Harborwalk, Waterfront, Boston","638","0 Leedsville Street, Dorchester, Boston","5/24/2016 - 5/24/2016, Every day, Daily Average",849,581,1240
"1116","Harborwalk, Waterfront, Boston","665","0 Welgate Circle, Quincy","5/24/2016 - 5/24/2016, Every day, Daily Average",1166,761,1785
"1116","Harborwalk, Waterfront, Boston","695","0 West Hollow, Andover","5/24/2016 - 5/24/2016, Every day, Daily Average",1496,1118,2000
"1116","Harborwalk, Waterfront, Boston","696","0 Lansbury Lane, Andover","5/24/2016 - 5/24/2016, Every day, Daily Average",1614,1300,2003
"1116","Harborwalk, Waterfront, Boston","697","0 Crestwood Drive, Andover","5/24/2016 - 5/24/2016, Every day, Daily Average",1500,1191,1889
"1116","Harborwalk, Waterfront, Boston","707","100 Bellevue Road, Quincy","5/24/2016 - 5/24/2016, Every day, Daily Average",1090,830,1431
"1116","Harborwalk, Waterfront, Boston","709","0 Newbury Avenue, North Quincy, Quincy","5/24/2016 - 5/24/2016, Every day, Daily Average",979,693,1382
"1116","Harborwalk, Waterfront, Boston","710","0 Beal Street, Hingham","5/24/2016 - 5/24/2016, Every day, Daily Average",1994,1725,2304
"1116","Harborwalk, Waterfront, Boston","713","0 Foster Street, Coolidge Corner South Side, Brookline","5/24/2016 - 5/24/2016, Every day, Daily Average",1172,783,1753
"1116","Harborwalk, Waterfront, Boston","718","0 Otis Street, East Somerville, Somerville","5/24/2016 - 5/24/2016, Every day, Daily Average",789,534,1165
"1116","Harborwalk, Waterfront, Boston","739","0 Tinson Road, Quincy","5/24/2016 - 5/24/2016, Every day, Daily Average",1292,875,1905
"1116","Harborwalk, Waterfront, Boston","740","0 Brierwood Road, Braintree","5/24/2016 - 5/24/2016, Every day, Daily Average",1324,930,1884
"1116","Harborwalk, Waterfront, Boston","741","300 North Street, North Weymouth, Weymouth","5/24/2016 - 5/24/2016, Every day, Daily Average",1743,1482,2048
"1116","Harborwalk, Waterfront, Boston","747","0 Crestwood Drive, Framingham","5/24/2016 - 5/24/2016, Every day, Daily Average",2234,1670,2987
"1116","Harborwalk, Waterfront, Boston","748","0 Michael Road, Framingham","5/24/2016 - 5/24/2016, Every day, Daily Average",2318,1795,2993
"1116","Harborwalk, Waterfront, Boston","749","0 Fox Hill Road, Ashland","5/24/2016 - 5/24/2016, Every day, Daily Average",2931,2227,3857
"1116","Harborwalk, Waterfront, Boston","756","0 Taunton Street, Ward Two, Somerville","5/24/2016 - 5/24/2016, Every day, Daily Average",895,654,1224
"1116","Harborwalk, Waterfront, Boston","757","100 Portland Street, The Port, Cambridge","5/24/2016 - 5/24/2016, Every day, Daily Average",789,508,1225
"1116","Harborwalk, Waterfront, Boston","758","0 Antrim Street, Mid-Cambridge, Cambridge","5/24/2016 - 5/24/2016, Every day, Daily Average",984,703,1376
"1116","Harborwalk, Waterfront, Boston","759","0 Vail Court, Mid-Cambridge, Cambridge","5/24/2016 - 5/24/2016, Every day, Daily Average",977,638,1493
"1116","Harborwalk, Waterfront, Boston","760","Fairchild Building, MIT, Cambridge","5/24/2016 - 5/24/2016, Every day, Daily Average",720,444,1166
"1116","Harborwalk, Waterfront, Boston","761","0 Oxford Street, Agassiz, Cambridge","5/24/2016 - 5/24/2016, Every day, Daily Average",1197,851,1683
"1116","Harborwalk, Waterfront, Boston","762","0 Dana Place, Mid-Cambridge, Cambridge","5/24/2016 - 5/24/2016, Every day, Daily Average",1097,774,1553
"1116","Harborwalk, Waterfront, Boston","763","100 Brattle Street, West Cambridge, Cambridge","5/24/2016 - 5/24/2016, Every day, Daily Average",1082,740,1581
"1116","Harborwalk, Waterfront, Boston","764","600 Huron Avenue, Strawberry Hill, Cambridge","5/24/2016 - 5/24/2016, Every day, Daily Average",1168,806,1690
"1116","Harborwalk, Waterfront, Boston","773","0 Sherman Street, Neighborhood Nine, Cambridge","5/24/2016 - 5/24/2016, Every day, Daily Average",1422,977,2069
"1116","Harborwalk, Waterfront, Boston","774","0 Jackson Street, North Cambridge, Cambridge","5/24/2016 - 5/24/2016, Every day, Daily Average",1320,943,1846
"1116","Harborwalk, Waterfront, Boston","775","0 Milton Street, Arlington","5/24/2016 - 5/24/2016, Every day, Daily Average",1337,959,1862
"1116","Harborwalk, Waterfront, Boston","776","0 Gray Street, Arlington","5/24/2016 - 5/24/2016, Every day, Daily Average",1327,1000,1760
"1116","Harborwalk, Waterfront, Boston","777","100 Claflin Street, Belmont","5/24/2016 - 5/24/2016, Every day, Daily Average",1490,1134,1957
"1116","Harborwalk, Waterfront, Boston","778","0 Foster Road, Belmont","5/24/2016 - 5/24/2016, Every day, Daily Average",1476,1049,2075
"1116","Harborwalk, Waterfront, Boston","779","0 Woodfall Road, Belmont","5/24/2016 - 5/24/2016, Every day, Daily Average",1632,1155,2304
"1116","Harborwalk, Waterfront, Boston","786","0 Richdale Avenue, Everett","5/24/2016 - 5/24/2016, Every day, Daily Average",978,672,1422
"1116","Harborwalk, Waterfront, Boston","792","0 Woodside Drive, Milton","5/24/2016 - 5/24/2016, Every day, Daily Average",1399,836,2339
"1116","Harborwalk, Waterfront, Boston","804","Glen Road, Waltham","5/24/2016 - 5/24/2016, Every day, Daily Average",2277,1609,3221
"1116","Harborwalk, Waterfront, Boston","805","0 Howard Street, Banks Square, Waltham","5/24/2016 - 5/24/2016, Every day, Daily Average",1833,1377,2438
"1116","Harborwalk, Waterfront, Boston","806","0 Boland Street, South Side, Waltham","5/24/2016 - 5/24/2016, Every day, Daily Average",1435,1101,1869
"1116","Harborwalk, Waterfront, Boston","807","100 Grove Street, Bleachery, Waltham","5/24/2016 - 5/24/2016, Every day, Daily Average",1812,1288,2549
"1116","Harborwalk, Waterfront, Boston","808","0 Candace Avenue, Warrendale, Waltham","5/24/2016 - 5/24/2016, Every day, Daily Average",2039,1606,2588
"1116","Harborwalk, Waterfront, Boston","809","200 Bellevue Road, Watertown","5/24/2016 - 5/24/2016, Every day, Daily Average",1545,1164,2050
"1116","Harborwalk, Waterfront, Boston","810","100 North Beacon Street, Watertown","5/24/2016 - 5/24/2016, Every day, Daily Average",1436,949,2170
"1116","Harborwalk, Waterfront, Boston","811","300 Watertown Street, Nonantum, Newton","5/24/2016 - 5/24/2016, Every day, Daily Average",1549,1017,2357
"1116","Harborwalk, Waterfront, Boston","812","0 Burr Road, Newton Centre, Newton","5/24/2016 - 5/24/2016, Every day, Daily Average",1488,1177,1880
"1116","Harborwalk, Waterfront, Boston","813","0 Spear Street, Quincy","5/24/2016 - 5/24/2016, Every day, Daily Average",1447,1112,1882
"1116","Harborwalk, Waterfront, Boston","815","0 Upton Drive, Wilmington","5/24/2016 - 5/24/2016, Every day, Daily Average",1414,1047,1908
"1116","Harborwalk, Waterfront, Boston","816","0 Keans Road, Burlington","5/24/2016 - 5/24/2016, Every day, Daily Average",1370,981,1912
"1116","Harborwalk, Waterfront, Boston","817","0 Burlington Mall Road, Burlington","5/24/2016 - 5/24/2016, Every day, Daily Average",1515,1093,2099
"1116","Harborwalk, Waterfront, Boston","818","100 New Boston Street, Woburn","5/24/2016 - 5/24/2016, Every day, Daily Average",1198,832,1723
"1116","Harborwalk, Waterfront, Boston","819","0 Maple Ridge Road, Reading","5/24/2016 - 5/24/2016, Every day, Daily Average",1066,735,1544
"1116","Harborwalk, Waterfront, Boston","821","0 Byron Street, Wakefield","5/24/2016 - 5/24/2016, Every day, Daily Average",1161,775,1737
"1116","Harborwalk, Waterfront, Boston","822","0 Eunice Circle, Wakefield","5/24/2016 - 5/24/2016, Every day, Daily Average",1216,885,1670
"1116","Harborwalk, Waterfront, Boston","823","0 Boston Rock Road, Melrose","5/24/2016 - 5/24/2016, Every day, Daily Average",1296,1037,1619
"1116","Harborwalk, Waterfront, Boston","825","1400 Commonwealth Avenue, West Newton, Newton","5/24/2016 - 5/24/2016, Every day, Daily Average",1577,1044,2381
"1116","Harborwalk, Waterfront, Boston","826","0 Abbott Avenue, Everett","5/24/2016 - 5/24/2016, Every day, Daily Average",1019,691,1501
"1116","Harborwalk, Waterfront, Boston","827","0 Randlett Park, West Newton, Newton","5/24/2016 - 5/24/2016, Every day, Daily Average",1363,923,2010
"1116","Harborwalk, Waterfront, Boston","830","C Street, Natick","5/24/2016 - 5/24/2016, Every day, Daily Average",2048,1522,2755
"1116","Harborwalk, Waterfront, Boston","831","0 Woodland Road, Stoneham","5/24/2016 - 5/24/2016, Every day, Daily Average",810,517,1268
"1116","Harborwalk, Waterfront, Boston","832","0 Rodgers Road, Stoneham","5/24/2016 - 5/24/2016, Every day, Daily Average",998,682,1459
"1116","Harborwalk, Waterfront, Boston","833","300 Highland Avenue, Winchester","5/24/2016 - 5/24/2016, Every day, Daily Average",1197,817,1753
"1116","Harborwalk, Waterfront, Boston","834","0 Orchard Street, Medford","5/24/2016 - 5/24/2016, Every day, Daily Average",1008,701,1449
"1116","Harborwalk, Waterfront, Boston","835","0 Marston Street, Medford","5/24/2016 - 5/24/2016, Every day, Daily Average",854,539,1352
"1116","Harborwalk, Waterfront, Boston","836","100 Central Avenue, Medford","5/24/2016 - 5/24/2016, Every day, Daily Average",652,398,1067
"1116","Harborwalk, Waterfront, Boston","837","0 Mc Cormack Avenue, Medford","5/24/2016 - 5/24/2016, Every day, Daily Average",807,530,1226
"1116","Harborwalk, Waterfront, Boston","838","100 West Street, Malden","5/24/2016 - 5/24/2016, Every day, Daily Average",856,608,1205
"1116","Harborwalk, Waterfront, Boston","839","0 Webber Street, Malden","5/24/2016 - 5/24/2016, Every day, Daily Average",1378,1034,1835
"1116","Harborwalk, Waterfront, Boston","840","0 Hamilton Road, West Somerville, Somerville","5/24/2016 - 5/24/2016, Every day, Daily Average",1036,716,1497
"1116","Harborwalk, Waterfront, Boston","843","0 Upham Street, Highlands, Lowell","5/24/2016 - 5/24/2016, Every day, Daily Average",2244,1677,3002
"1116","Harborwalk, Waterfront, Boston","846","0 Beacham Street, Everett","5/24/2016 - 5/24/2016, Every day, Daily Average",764,528,1104
"1116","Harborwalk, Waterfront, Boston","847","100 Sycamore Street, Winter Hill, Somerville","5/24/2016 - 5/24/2016, Every day, Daily Average",792,551,1137
"1116","Harborwalk, Waterfront, Boston","848","0 Wallace Street, Tufts, Somerville","5/24/2016 - 5/24/2016, Every day, Daily Average",1259,921,1720
"1116","Harborwalk, Waterfront, Boston","856","400 Commonwealth Avenue, Back Bay, Boston","5/24/2016 - 5/24/2016, Every day, Daily Average",740,440,1242
"1116","Harborwalk, Waterfront, Boston","857","100 Norway Street, Fenway/Kenmore, Boston","5/24/2016 - 5/24/2016, Every day, Daily Average",880,531,1457
"1116","Harborwalk, Waterfront, Boston","861","0 South Waverly Street, Brighton, Boston","5/24/2016 - 5/24/2016, Every day, Daily Average",986,650,1494
"1116","Harborwalk, Waterfront, Boston","862","0 Atkins Street, Brighton, Boston","5/24/2016 - 5/24/2016, Every day, Daily Average",1096,740,1622
"1116","Harborwalk, Waterfront, Boston","863","0 Strathmore Road, Brighton, Boston","5/24/2016 - 5/24/2016, Every day, Daily Average",1472,1113,1945
"1116","Harborwalk, Waterfront, Boston","864","0 Dustin Street, Brighton, Boston","5/24/2016 - 5/24/2016, Every day, Daily Average",1253,917,1711
"1116","Harborwalk, Waterfront, Boston","865","0 Bellvista Road, Brighton, Boston","5/24/2016 - 5/24/2016, Every day, Daily Average",1256,978,1611
"1116","Harborwalk, Waterfront, Boston","866","0 Braintree Street, Allston, Boston","5/24/2016 - 5/24/2016, Every day, Daily Average",959,662,1388
"1116","Harborwalk, Waterfront, Boston","867","0 Barry Street, Dorchester, Boston","5/24/2016 - 5/24/2016, Every day, Daily Average",1281,792,2071
"1116","Harborwalk, Waterfront, Boston","871","0 Chipman Street, Dorchester, Dorchester Center, Boston","5/24/2016 - 5/24/2016, Every day, Daily Average",1231,948,1598
"1116","Harborwalk, Waterfront, Boston","872","Southeast Expressway, Dorchester, Boston","5/24/2016 - 5/24/2016, Every day, Daily Average",920,569,1485
"1116","Harborwalk, Waterfront, Boston","873","100 Manchester Street, Mattapan, Boston","5/24/2016 - 5/24/2016, Every day, Daily Average",1134,752,1708
"1116","Harborwalk, Waterfront, Boston","875","200 Hyde Park Avenue, Jamaica Plain, Boston","5/24/2016 - 5/24/2016, Every day, Daily Average",1446,1041,2008
"1116","Harborwalk, Waterfront, Boston","876","100 Neponset Avenue, Roslindale, Boston","5/24/2016 - 5/24/2016, Every day, Daily Average",1705,1065,2728
"1116","Harborwalk, Waterfront, Boston","877","0 Eliot Street, Jamaica Plain, Boston","5/24/2016 - 5/24/2016, Every day, Daily Average",1248,931,1672
"1116","Harborwalk, Waterfront, Boston","878","200 Public Alley 432, Back Bay, Boston","5/24/2016 - 5/24/2016, Every day, Daily Average",766,510,1148
"1116","Harborwalk, Waterfront, Boston","879","0 River Street Place, Beacon Hill, Boston","5/24/2016 - 5/24/2016, Every day, Daily Average",415,215,799
"1116","Harborwalk, Waterfront, Boston","880","100 Charles Street, Beacon Hill, Boston","5/24/2016 - 5/24/2016, Every day, Daily Average",390,210,721
"1116","Harborwalk, Waterfront, Boston","881","0 Stillman Street, North End, Boston","5/24/2016 - 5/24/2016, Every day, Daily Average",178,74,427
"1116","Harborwalk, Waterfront, Boston","882","200 Hanover Street, North End, Boston","5/24/2016 - 5/24/2016, Every day, Daily Average",111,36,334
"1116","Harborwalk, Waterfront, Boston","883","200 Seaport Boulevard, Seaport District, Boston","5/24/2016 - 5/24/2016, Every day, Daily Average",496,267,920
"1116","Harborwalk, Waterfront, Boston","884","South Boston Bypass, South Boston, Boston","5/24/2016 - 5/24/2016, Every day, Daily Average",511,282,924
"1116","Harborwalk, Waterfront, Boston","885","100 Summer Street, Downtown, Boston","5/24/2016 - 5/24/2016, Every day, Daily Average",236,103,540
"1116","Harborwalk, Waterfront, Boston","886","0 Malden Street, South End, Boston","5/24/2016 - 5/24/2016, Every day, Daily Average",527,271,1024
"1116","Harborwalk, Waterfront, Boston","887","0 Mount Pleasant Terrace, Roxbury, Boston","5/24/2016 - 5/24/2016, Every day, Daily Average",830,504,1366
"1116","Harborwalk, Waterfront, Boston","888","133100 Vernon Street, Roxbury, Boston","5/24/2016 - 5/24/2016, Every day, Daily Average",995,658,1502
"1116","Harborwalk, Waterfront, Boston","889","100 Fisher Avenue, Mission Hill, Boston","5/24/2016 - 5/24/2016, Every day, Daily Average",1147,826,1591
"1116","Harborwalk, Waterfront, Boston","890","0 Jamaica Street, Jamaica Plain, Boston","5/24/2016 - 5/24/2016, Every day, Daily Average",1543,1085,2193
"1116","Harborwalk, Waterfront, Boston","891","0 Stedman Street, Jamaica Plain, Boston","5/24/2016 - 5/24/2016, Every day, Daily Average",1361,1029,1799
"1116","Harborwalk, Waterfront, Boston","892","200 Chestnut Avenue, Jamaica Plain, Boston","5/24/2016 - 5/24/2016, Every day, Daily Average",1275,913,1780
"1116","Harborwalk, Waterfront, Boston","893","0 Hastings Street, West Roxbury, Boston","5/24/2016 - 5/24/2016, Every day, Daily Average",1985,1506,2616
"1116","Harborwalk, Waterfront, Boston","896","300 Columbia Street, Wellington-Harrington, Cambridge","5/24/2016 - 5/24/2016, Every day, Daily Average",939,639,1379
"1116","Harborwalk, Waterfront, Boston","899","0 Watts Street, Chelsea","5/24/2016 - 5/24/2016, Every day, Daily Average",648,437,959
"1116","Harborwalk, Waterfront, Boston","900","0 Boatswains Way, Chelsea","5/24/2016 - 5/24/2016, Every day, Daily Average",548,311,963
"1116","Harborwalk, Waterfront, Boston","901","0 Willoughby Street, Chelsea","5/24/2016 - 5/24/2016, Every day, Daily Average",846,542,1320
"1116","Harborwalk, Waterfront, Boston","902","0 Centre Street, Roxbury, Boston","5/24/2016 - 5/24/2016, Every day, Daily Average",1092,717,1661
"1116","Harborwalk, Waterfront, Boston","903","0 Gaston Street, Roxbury, Boston","5/24/2016 - 5/24/2016, Every day, Daily Average",1040,688,1571
"1116","Harborwalk, Waterfront, Boston","904","0 Wolcott Street, Dorchester, Boston","5/24/2016 - 5/24/2016, Every day, Daily Average",1350,843,2160
"1116","Harborwalk, Waterfront, Boston","905","100 Geneva Avenue, Dorchester, Boston","5/24/2016 - 5/24/2016, Every day, Daily Average",1372,874,2151
"1116","Harborwalk, Waterfront, Boston","906","0 Romsey Circle, Dorchester, Boston","5/24/2016 - 5/24/2016, Every day, Daily Average",758,396,1450
"1116","Harborwalk, Waterfront, Boston","907","0 Gene Street, Dorchester, Boston","5/24/2016 - 5/24/2016, Every day, Daily Average",915,568,1472
"1116","Harborwalk, Waterfront, Boston","908","0 Monadnock Street, Dorchester, Boston","5/24/2016 - 5/24/2016, Every day, Daily Average",1019,643,1614
"1116","Harborwalk, Waterfront, Boston","909","500 Squire Road, Revere","5/24/2016 - 5/24/2016, Every day, Daily Average",895,601,1331
"1116","Harborwalk, Waterfront, Boston","911","200 Garfield Avenue, Revere","5/24/2016 - 5/24/2016, Every day, Daily Average",638,442,920
"1116","Harborwalk, Waterfront, Boston","912","100 Crest Avenue, Revere","5/24/2016 - 5/24/2016, Every day, Daily Average",796,559,1132
"1116","Harborwalk, Waterfront, Boston","913","0 Petrel Street, Winthrop","5/24/2016 - 5/24/2016, Every day, Daily Average",895,807,992
"1116","Harborwalk, Waterfront, Boston","915","Head Island Causeway, South Boston, Boston","5/24/2016 - 5/24/2016, Every day, Daily Average",794,492,1279
"1116","Harborwalk, Waterfront, Boston","916","0 Lee Burbank Highway, Revere","5/24/2016 - 5/24/2016, Every day, Daily Average",588,375,920
"1116","Harborwalk, Waterfront, Boston","917","Emerald Necklace, Jamaica Plain, Boston","5/24/2016 - 5/24/2016, Every day, Daily Average",905,529,1546
"1116","Harborwalk, Waterfront, Boston","927","0 Mill River Drive, Weymouth","5/24/2016 - 5/24/2016, Every day, Daily Average",1584,1132,2214
"1116","Harborwalk, Waterfront, Boston","930","0 Constitution Avenue, Revere","5/24/2016 - 5/24/2016, Every day, Daily Average",782,508,1203
"1116","Harborwalk, Waterfront, Boston","944","100 Cliff Road, Wellesley Hills, Wellesley","5/24/2016 - 5/24/2016, Every day, Daily Average",1524,1268,1830
"1116","Harborwalk, Waterfront, Boston","955","100 Somerset Avenue, Winthrop","5/24/2016 - 5/24/2016, Every day, Daily Average",813,629,1050
"1116","Harborwalk, Waterfront, Boston","965","200 River Road, Winthrop","5/24/2016 - 5/24/2016, Every day, Daily Average",792,662,946
"1116","Harborwalk, Waterfront, Boston","983","200 Lynnway, Lynn","5/24/2016 - 5/24/2016, Every day, Daily Average",1415,1081,1851
"1116","Harborwalk, Waterfront, Boston","984","0 D'Orlando Way, Danvers","5/24/2016 - 5/24/2016, Every day, Daily Average",1906,1374,2643
"1116","Harborwalk, Waterfront, Boston","986","0 Harvard Avenue, West Medford, Medford","5/24/2016 - 5/24/2016, Every day, Daily Average",813,588,1122
"1116","Harborwalk, Waterfront, Boston","995","200 Billerica Road, Chelmsford","5/24/2016 - 5/24/2016, Every day, Daily Average",2100,1603,2750
"1116","Harborwalk, Waterfront, Boston","999","100 Main Street, Wakefield","5/24/2016 - 5/24/2016, Every day, Daily Average",1250,858,1820
"1116","Harborwalk, Waterfront, Boston","1000","0 Centre Street, Malden","5/24/2016 - 5/24/2016, Every day, Daily Average",1134,783,1641
"1116","Harborwalk, Waterfront, Boston","1001","0 Sargent Street, Malden","5/24/2016 - 5/24/2016, Every day, Daily Average",1153,785,1693
"1116","Harborwalk, Waterfront, Boston","1002","500 Assembly Row, Somerville","5/24/2016 - 5/24/2016, Every day, Daily Average",467,265,822
"1116","Harborwalk, Waterfront, Boston","1003","0 Packard Avenue, Tufts, Somerville","5/24/2016 - 5/24/2016, Every day, Daily Average",1134,842,1526
"1116","Harborwalk, Waterfront, Boston","1004","0 Linden Avenue, Spring Hill, Somerville","5/24/2016 - 5/24/2016, Every day, Daily Average",1097,810,1484
"1116","Harborwalk, Waterfront, Boston","1005","100 Sidney Street, Cambridgeport, Cambridge","5/24/2016 - 5/24/2016, Every day, Daily Average",956,650,1405
"1116","Harborwalk, Waterfront, Boston","1006","0 Gray Gardens East, Neighborhood Nine, Cambridge","5/24/2016 - 5/24/2016, Every day, Daily Average",1363,1009,1840
"1116","Harborwalk, Waterfront, Boston","1010","0 Coolidge Hill Road, Watertown","5/24/2016 - 5/24/2016, Every day, Daily Average",1201,844,1707
"1116","Harborwalk, Waterfront, Boston","1011","0 Burdean Road, Oak Hill, Newton","5/24/2016 - 5/24/2016, Every day, Daily Average",1877,1529,2302
"1116","Harborwalk, Waterfront, Boston","1012","0 Wilde Road, Waban, Newton","5/24/2016 - 5/24/2016, Every day, Daily Average",1707,1119,2602
"1116","Harborwalk, Waterfront, Boston","1013","100 Seminary Avenue, Auburndale, Newton","5/24/2016 - 5/24/2016, Every day, Daily Average",1499,1054,2131
"1116","Harborwalk, Waterfront, Boston","1014","0 Nixon Road, Framingham","5/24/2016 - 5/24/2016, Every day, Daily Average",2279,1704,3047
"1116","Harborwalk, Waterfront, Boston","1016","100 Buckminster Road, Fisher Hill, Brookline","5/24/2016 - 5/24/2016, Every day, Daily Average",1323,896,1951
"1116","Harborwalk, Waterfront, Boston","1023","0 Norman Street, Milton","5/24/2016 - 5/24/2016, Every day, Daily Average",1307,1041,1640
"1116","Harborwalk, Waterfront, Boston","1024","300 Adams Street, Milton","5/24/2016 - 5/24/2016, Every day, Daily Average",984,624,1551
"1116","Harborwalk, Waterfront, Boston","1027","300 Neck Street, North Weymouth, Weymouth","5/24/2016 - 5/24/2016, Every day, Daily Average",1795,1527,2109
"1116","Harborwalk, Waterfront, Boston","1038","0 Old Rutherford Avenue, Charlestown, Boston","5/24/2016 - 5/24/2016, Every day, Daily Average",311,128,753
"1116","Harborwalk, Waterfront, Boston","1039","0 Flint Place, South Boston, Boston","5/24/2016 - 5/24/2016, Every day, Daily Average",802,578,1111
"1116","Harborwalk, Waterfront, Boston","1040","900 Massachusetts Avenue, Dorchester, Boston","5/24/2016 - 5/24/2016, Every day, Daily Average",557,289,1072
"1116","Harborwalk, Waterfront, Boston","1041","0 Kendall Street, South End, Boston","5/24/2016 - 5/24/2016, Every day, Daily Average",987,654,1488
"1116","Harborwalk, Waterfront, Boston","1042","0 Townsend Street, Roxbury, Boston","5/24/2016 - 5/24/2016, Every day, Daily Average",1064,692,1633
"1116","Harborwalk, Waterfront, Boston","1043","200 Savin Hill Avenue, Dorchester, Boston","5/24/2016 - 5/24/2016, Every day, Daily Average",725,424,1237
"1116","Harborwalk, Waterfront, Boston","1047","0 Ardale Street, Roslindale, Boston","5/24/2016 - 5/24/2016, Every day, Daily Average",1659,1276,2156
"1116","Harborwalk, Waterfront, Boston","1048","Airport Road Terminal C - Departure Level, East Boston, Boston","5/24/2016 - 5/24/2016, Every day, Daily Average",301,187,482
"1116","Harborwalk, Waterfront, Boston","1056","0 Valley Road, Southborough","5/24/2016 - 5/24/2016, Every day, Daily Average",2965,2274,3864
"1116","Harborwalk, Waterfront, Boston","1068","1300 Bennington Street, East Boston, Boston","5/24/2016 - 5/24/2016, Every day, Daily Average",630,464,853
"1116","Harborwalk, Waterfront, Boston","1075","0 Oakview Terrace, Jamaica Plain, Boston","5/24/2016 - 5/24/2016, Every day, Daily Average",1513,979,2336
"1116","Harborwalk, Waterfront, Boston","1077","400 Moody Street, South Side, Waltham","5/24/2016 - 5/24/2016, Every day, Daily Average",1940,1406,2675
"1116","Harborwalk, Waterfront, Boston","1078","0 Wellesley Street, South Medford, Medford","5/24/2016 - 5/24/2016, Every day, Daily Average",991,707,1388
"1116","Harborwalk, Waterfront, Boston","1079","0 Brent Road, Lexington","5/24/2016 - 5/24/2016, Every day, Daily Average",2005,1506,2668
"1116","Harborwalk, Waterfront, Boston","1099","0 Station Street, Brookline","5/24/2016 - 5/24/2016, Every day, Daily Average",1242,849,1815
"1116","Harborwalk, Waterfront, Boston","1102","0 Greenlodge Street, Dedham","5/24/2016 - 5/24/2016, Every day, Daily Average",2117,1299,3448
"1116","Harborwalk, Waterfront, Boston","1104","100 Grove Street, Braintree","5/24/2016 - 5/24/2016, Every day, Daily Average",1506,1087,2086
"1116","Harborwalk, Waterfront, Boston","1110","Cambridge Street, Allston, Boston","5/24/2016 - 5/24/2016, Every day, Daily Average",850,540,1336
"1116","Harborwalk, Waterfront, Boston","1112","1400 Shawsheen Street, Tewksbury","5/24/2016 - 5/24/2016, Every day, Daily Average",1354,1069,1714
"1116","Harborwalk, Waterfront, Boston","1113","200 Rangeway Road, North Billerica, Billerica","5/24/2016 - 5/24/2016, Every day, Daily Average",1867,1389,2508
"1116","Harborwalk, Waterfront, Boston","1116","Harborwalk, Waterfront, Boston","5/24/2016 - 5/24/2016, Every day, Daily Average",384,160,917
"1116","Harborwalk, Waterfront, Boston","1117","0 Gold Star Street, East Boston, Boston","5/24/2016 - 5/24/2016, Every day, Daily Average",534,363,784
"1116","Harborwalk, Waterfront, Boston","1118","0 McGreevey Way, Mission Hill, Boston","5/24/2016 - 5/24/2016, Every day, Daily Average",1058,733,1525
"1116","Harborwalk, Waterfront, Boston","1119","0 Coleus Park, Dorchester, Boston","5/24/2016 - 5/24/2016, Every day, Daily Average",1183,783,1785
"1116","Harborwalk, Waterfront, Boston","1120","0 Melville Avenue, Dorchester, Dorchester Center, Boston","5/24/2016 - 5/24/2016, Every day, Daily Average",1177,863,1604
"1116","Harborwalk, Waterfront, Boston","1122","100 Webster Avenue, Chelsea","5/24/2016 - 5/24/2016, Every day, Daily Average",695,432,1115
"1116","Harborwalk, Waterfront, Boston","1123","Conifer Path, Jamaica Hills / Pond, Boston","5/24/2016 - 5/24/2016, Every day, Daily Average",1530,1088,2150
"1116","Harborwalk, Waterfront, Boston","1127","100 South Border Road, Medford","5/24/2016 - 5/24/2016, Every day, Daily Average",728,470,1125
"1116","Harborwalk, Waterfront, Boston","1128","0 Lowden Avenue, Powder House Square, Somerville","5/24/2016 - 5/24/2016, Every day, Daily Average",991,726,1351
"1116","Harborwalk, Waterfront, Boston","1129","0 Shepard Street, Neighborhood Nine, Cambridge","5/24/2016 - 5/24/2016, Every day, Daily Average",1237,898,1702
"1116","Harborwalk, Waterfront, Boston","1130","0 Louise Road, Belmont","5/24/2016 - 5/24/2016, Every day, Daily Average",1452,1019,2067
"1116","Harborwalk, Waterfront, Boston","1131","Yankee Division Highway, Lexington","5/24/2016 - 5/24/2016, Every day, Daily Average",1883,1438,2465
"1116","Harborwalk, Waterfront, Boston","1135","100 Main Street, Southborough","5/24/2016 - 5/24/2016, Every day, Daily Average",2843,2370,3409
"1116","Harborwalk, Waterfront, Boston","1137","0 Marion Avenue, Woburn","5/24/2016 - 5/24/2016, Every day, Daily Average",1567,1153,2127
"1116","Harborwalk, Waterfront, Boston","1138","0 Loring Avenue, Winchester","5/24/2016 - 5/24/2016, Every day, Daily Average",1558,1280,1896
"1116","Harborwalk, Waterfront, Boston","1140","300 Mystic Avenue, South Medford, Medford","5/24/2016 - 5/24/2016, Every day, Daily Average",615,368,1027
"1116","Harborwalk, Waterfront, Boston","1141","0 Forest Street, Malden","5/24/2016 - 5/24/2016, Every day, Daily Average",1421,1020,1978
"1116","Harborwalk, Waterfront, Boston","1142","200 Massachusetts Avenue, Arlington","5/24/2016 - 5/24/2016, Every day, Daily Average",1216,866,1706
"1116","Harborwalk, Waterfront, Boston","1143","300 Crescent Street, South Side, Waltham","5/24/2016 - 5/24/2016, Every day, Daily Average",1510,1341,1699
"1116","Harborwalk, Waterfront, Boston","1151","0 Saugus Avenue, Saugus","5/24/2016 - 5/24/2016, Every day, Daily Average",1042,884,1227
"1116","Harborwalk, Waterfront, Boston","1163","300 East Eagle Street, Eagle Hill, Boston","5/24/2016 - 5/24/2016, Every day, Daily Average",375,222,632
"1116","Harborwalk, Waterfront, Boston","1164","0 West Howell Street, Dorchester, Boston","5/24/2016 - 5/24/2016, Every day, Daily Average",624,338,1151
"1116","Harborwalk, Waterfront, Boston","1170","0 Garden Avenue, Wilmington","5/24/2016 - 5/24/2016, Every day, Daily Average",1340,1064,1686
"1116","Harborwalk, Waterfront, Boston","1171","Dike Road, Stoneham","5/24/2016 - 5/24/2016, Every day, Daily Average",858,564,1304
"1116","Harborwalk, Waterfront, Boston","1175","0 Fellsmere Road, Malden","5/24/2016 - 5/24/2016, Every day, Daily Average",856,624,1172
"1116","Harborwalk, Waterfront, Boston","1177","0 Louds Avenue, Weymouth","5/24/2016 - 5/24/2016, Every day, Daily Average",1625,1166,2263
"1116","Harborwalk, Waterfront, Boston","1178","0 Trustman Terrace, East Boston, Boston","5/24/2016 - 5/24/2016, Every day, Daily Average",421,269,657
"1116","Harborwalk, Waterfront, Boston","1179","100 West Canton Street, Columbus, Boston","5/24/2016 - 5/24/2016, Every day, Daily Average",686,411,1144
"1116","Harborwalk, Waterfront, Boston","1185","0 Parsons Street, Brighton, Boston","5/24/2016 - 5/24/2016, Every day, Daily Average",1321,1015,1717
"1116","Harborwalk, Waterfront, Boston","1189","0 Fairbanks Street, Brighton, Boston","5/24/2016 - 5/24/2016, Every day, Daily Average",1069,725,1575
"1116","Harborwalk, Waterfront, Boston","1190","0 Willow Avenue, Davis Square, Somerville","5/24/2016 - 5/24/2016, Every day, Daily Average",1222,916,1629
"1116","Harborwalk, Waterfront, Boston","1192","0 Woodside Road, Winchester","5/24/2016 - 5/24/2016, Every day, Daily Average",1324,917,1910
"1116","Harborwalk, Waterfront, Boston","1193","1100 Beacon Street, Brookline","5/24/2016 - 5/24/2016, Every day, Daily Average",870,549,1376
"1116","Harborwalk, Waterfront, Boston","1195","0 Howe Street, Dorchester, Boston","5/24/2016 - 5/24/2016, Every day, Daily Average",1081,661,1765
"1116","Harborwalk, Waterfront, Boston","1198","100 Ashland Street, Malden","5/24/2016 - 5/24/2016, Every day, Daily Average",957,650,1407
"1116","Harborwalk, Waterfront, Boston","1199","Lifecourse Trail, Newton Highlands, Newton","5/24/2016 - 5/24/2016, Every day, Daily Average",1785,1512,2106
"1116","Harborwalk, Waterfront, Boston","1211","Chestnut Hill Reservoir Trail, Brighton, Boston","5/24/2016 - 5/24/2016, Every day, Daily Average",1420,1038,1942
"1116","Harborwalk, Waterfront, Boston","1212","0 Snow Hill Street, North End, Boston","5/24/2016 - 5/24/2016, Every day, Daily Average",284,143,561
"1116","Harborwalk, Waterfront, Boston","1213","200 East 8th Street, South Boston, Boston","5/24/2016 - 5/24/2016, Every day, Daily Average",869,583,1294
"1116","Harborwalk, Waterfront, Boston","1214","0 East Concord Street, South End, Boston","5/24/2016 - 5/24/2016, Every day, Daily Average",627,370,1062
"1116","Harborwalk, Waterfront, Boston","1215","0 Beauford Lane, Roxbury, Boston","5/24/2016 - 5/24/2016, Every day, Daily Average",1188,788,1789
"1116","Harborwalk, Waterfront, Boston","1225","0 West Elm Avenue, Quincy","5/24/2016 - 5/24/2016, Every day, Daily Average",1054,868,1279
"1116","Harborwalk, Waterfront, Boston","1226","0 Sturtevant Street, Boston","5/24/2016 - 5/24/2016, Every day, Daily Average",824,479,1416
"1116","Harborwalk, Waterfront, Boston","1227","0 Port Norfolk Street, Dorchester, Boston","5/24/2016 - 5/24/2016, Every day, Daily Average",878,520,1481
"1116","Harborwalk, Waterfront, Boston","1228","0 Ashley Street, Jamaica Plain, Boston","5/24/2016 - 5/24/2016, Every day, Daily Average",1440,962,2153
"1116","Harborwalk, Waterfront, Boston","1230","100 Millwood Street, Framingham","5/24/2016 - 5/24/2016, Every day, Daily Average",2360,1656,3361
"1116","Harborwalk, Waterfront, Boston","1232","400 Newton Street, Chestnut Hill, Brookline","5/24/2016 - 5/24/2016, Every day, Daily Average",1696,1245,2310
"1116","Harborwalk, Waterfront, Boston","1233","0 Thackeray Road, Wellesley Hills, Wellesley","5/24/2016 - 5/24/2016, Every day, Daily Average",2000,1271,3146
"1116","Harborwalk, Waterfront, Boston","1237","100 Colonial Drive, Quincy","5/24/2016 - 5/24/2016, Every day, Daily Average",1306,906,1880
"1116","Harborwalk, Waterfront, Boston","1238","0 Orient Avenue, Arlington","5/24/2016 - 5/24/2016, Every day, Daily Average",1470,1100,1963
"1116","Harborwalk, Waterfront, Boston","1240","0 Middlesex Circle, Waltham","5/24/2016 - 5/24/2016, Every day, Daily Average",2154,1798,2579
"1116","Harborwalk, Waterfront, Boston","1241","0 Kenilworth Street, Newton Corner, Newton","5/24/2016 - 5/24/2016, Every day, Daily Average",1391,1064,1817
"1116","Harborwalk, Waterfront, Boston","1242","0 Scribner Park, Auburndale, Newton","5/24/2016 - 5/24/2016, Every day, Daily Average",1337,944,1892
"1116","Harborwalk, Waterfront, Boston","1245","0 Leland Road, North Reading","5/24/2016 - 5/24/2016, Every day, Daily Average",1814,1291,2547
"1116","Harborwalk, Waterfront, Boston","1246","North Shore Road, Revere","5/24/2016 - 5/24/2016, Every day, Daily Average",1080,807,1444